BGE-94.txt,"No$$$ 

No$$$ 

No$$$ 

No$$$ 

No$$$ 

No$$$ 

No$$$ 

No$$$ 

No$$$ 

No$$$ 

No$$$ 

No$$$ 

No$$$ 

No$$$ 

No$$$ 

No$$$ 

No$$$ 

No$$$ 

No$$$ 

No$$$ 

No$$$ 

No$$$ 

No$$$ 

No$$$ 

No$$$ 

No$$$ 

No$$$ 

No$$$ 

No$$$ 

No$$$ 

No$$$ 

No$$$ 

No$$$ 

No$$$ 

No$$$ 

No$$$ 

No$$$ 

No$$$ 

No$$$ 

No$$$ 

No$$$ 

No$$$ 

No$$$ 

No$$$ 

No$$$ 

No$$$ 

No$$$ 

No$$$ 

No$$$ 

No$$$ 

No$$$ 

No$$$ 

No$$$ 

No$$$ 

No$$$ 

No$$$ 

No$$$ 

No$$$ 

No$$$ 

No$$$ 

No$$$ 

No$$$ 

No$$$ 

No$$$ 

No$$$ 

No$$$ 

No$$$ 

No$$$ 

No$$$ 

No$$$ 

No$$$ 

No$$$ 

No$$$ 

No$$$ 

No$$$ 

No$$$ 

No$$$ 

No$$$ 

No$$$ 

No$$$ 

No$$$ 

No$$$ 

No$$$ 

No$$$ 

No$$$ 

No$$$ 

No$$$ 

No$$$ 

No$$$ 

No$$$ 

No$$$ 

No$$$ 

No$$$ 

No"
CMS-95.txt,"No$$$ 

No$$$ 

No$$$ 

No$$$ 

No$$$ 

No$$$ 

No$$$ 

No$$$ 

No$$$ 

No$$$ 

No$$$ 

No$$$ 

No$$$ 

No$$$ 

No$$$ 

No$$$ 

No$$$ 

No$$$ 

No$$$ 

No$$$ 

No$$$ 

No$$$ 

No$$$ 

No$$$ 

No$$$ 

No$$$ 

No$$$ 

No$$$ 

No$$$ 

No$$$ 

No$$$ 

No$$$ 

No$$$ 

No$$$ 

No$$$ 

No$$$ 

No$$$ 

No$$$ 

No$$$ 

No$$$ 

No$$$ 

No$$$ 

No$$$ 

No$$$ 

No$$$ 

No$$$ 

No$$$ 

No$$$ 

No$$$ 

No$$$ 

No$$$ 

No$$$ 

No$$$ 

No$$$ 

No$$$ 

No$$$ 

No$$$ 

No$$$ 

No$$$ 

No$$$ 

No$$$ 

No$$$ 

No$$$ 

No$$$ 

No$$$ 

No$$$ 

No$$$ 

No$$$ 

No$$$ 

No$$$ 

No$$$ 

No$$$ 

No$$$ 

No$$$ 

No$$$ 

No$$$ 

No$$$ 

No$$$ 

No$$$ 

No$$$ 

No"
D-95.txt,"No$$$ 

No$$$ 

No$$$ 

No$$$ 

No$$$ 

No$$$ 

No$$$ 

No$$$ 

No$$$ 

No$$$ 

No$$$ 

No$$$ 

No$$$ 

No$$$ 

No$$$ 

No$$$ 

No$$$ 

No$$$ 

No$$$ 

No$$$ 

No$$$ 

No$$$ 

No$$$ 

No$$$ 

No$$$ 

No$$$ 

No$$$ 

No$$$ 

No$$$ 

No$$$ 

No$$$ 

No$$$ 

No$$$ 

No$$$ 

No$$$ 

No$$$ 

No$$$ 

No$$$ 

No$$$ 

No$$$ 

No$$$ 

No$$$ 

No$$$ 

No$$$ 

No$$$ 

No$$$ 

No$$$ 

No$$$ 

No$$$ 

No$$$ 

No$$$ 

No$$$ 

No$$$ 

No$$$ 

No$$$ 

No$$$ 

No$$$ 

No$$$ 

No$$$ 

No$$$ 

No$$$ 

No$$$ 

No$$$ 

No$$$ 

No$$$ 

No$$$ 

No$$$ 

No$$$ 

No$$$ 

No$$$ 

No$$$ 

No$$$ 

No"
DPL-97.txt,"No$$$ 

No$$$ 

No$$$ 

No$$$ 

No"
PPL-91.txt,"No$$$ 

No$$$ 

No"
RRICNP-96.txt,No
SCG-91.txt,"No$$$ 

No"
SCG-93.txt,"No$$$ 

No$$$ 

No$$$ 

No$$$ 

No$$$ 

No$$$ 

No$$$ 

No$$$ 

No$$$ 

No$$$ 

No$$$ 

No$$$ 

No$$$ 

No$$$ 

No$$$ 

No$$$ 

No$$$ 

No$$$ 

No$$$ 

No$$$ 

No$$$ 

No$$$ 

No$$$ 

No$$$ 

No$$$ 

No$$$ 

No$$$ 

No$$$ 

No$$$ 

No$$$ 

No$$$ 

No$$$ 

No$$$ 

No$$$ 

No$$$ 

No$$$ 

No$$$ 

No$$$ 

No$$$ 

No$$$ 

No$$$ 

No$$$ 

No$$$ 

No$$$ 

No$$$ 

No$$$ 

No$$$ 

No$$$ 

No$$$ 

No$$$ 

No$$$ 

No$$$ 

No$$$ 

No$$$ 

No$$$ 

No$$$ 

No$$$ 

No$$$ 

No$$$ 

No$$$ 

No$$$ 

No$$$ 

No"
SRP-93.txt,No
SRP-94.txt,No
